{"cameraMode":{"drawMode":0,"name":"Shaded","section":"Shading Mode"},"sceneLighting":true,"audioPlay":false,"sceneViewState":{"m_AlwaysRefresh":false,"showFog":true,"showSkybox":true,"showFlares":true,"showImageEffects":true,"showParticleSystems":true,"showVisualEffectGraphs":true,"m_FxEnabled":true},"in2DMode":false,"pivot":{"x":-1.164557695388794,"y":-1.6876611709594727,"z":7.64847469329834},"rotation":{"x":-0.19691035151481629,"y":-0.031762417405843738,"z":0.006380442529916763,"w":-0.9798911213874817},"size":12.007781028747559,"orthographic":false}